budget,method,r2,rmse,rpd,r2_std,prep
2,greedy,-0.3332755960857323,0.019538789361999313,0.8660441551146194,,SG + SNV
2,random,-1.677083814884298,0.024848003565696438,0.7241638357403517,2.4983750640085045,SG + SNV
4,greedy,-0.7805670965765985,0.02218171652209935,0.7494123195249205,,SG + SNV
4,random,-2.710912402281793,0.028379778266656972,0.6046841962110291,2.6576213986650656,SG + SNV
6,greedy,-3.568928081489103,0.029974324395347376,0.467835139588873,,SG + SNV
6,random,-1.852994861536505,0.026105272721276836,0.6679384651003987,1.7855970021020593,SG + SNV
8,greedy,-1.4867341247409205,0.023664236767931814,0.6341402550429628,,SG + SNV
8,random,-2.0576897151238738,0.025490311970061692,0.6608420634150032,2.4014557654053665,SG + SNV
10,greedy,-0.9523330587359056,0.02256545523182143,0.7156868636927343,,SG + SNV
10,random,-1.3743123403360158,0.023952864897848456,0.6980833958933217,1.3564940146260154,SG + SNV
12,greedy,-2.1213453760009893,0.026880866383980084,0.5660164941663817,,SG + SNV
12,random,-2.287537054338337,0.024868129840713092,0.6654623579412301,3.838924090765931,SG + SNV
14,greedy,-0.8575483290948287,0.02235779490434674,0.7337192932245362,,SG + SNV
14,random,-1.5817775416751247,0.021904550694568002,0.6807225098861586,1.5140116109714916,SG + SNV
16,greedy,-0.524475056254508,0.02180420833170763,0.8099157389643519,,SG + SNV
16,random,-3.849195663211341,0.020704789175395276,0.613476986191659,7.345317204268253,SG + SNV
2,greedy,-0.21978876044202544,0.018742531813908878,0.9054358506500961,,SG + MSC
2,random,-1.8155707698413712,0.025261409686981817,0.718386297237264,2.9493324654273763,SG + MSC
4,greedy,-0.6749563976384385,0.02153808448682173,0.7726774662359598,,SG + MSC
4,random,-2.64371391579337,0.02844034634098532,0.6001594231258955,2.1312833215010154,SG + MSC
6,greedy,-0.2315903753085662,0.01969786575750231,0.9010872753104648,,SG + MSC
6,random,-2.0348239016967478,0.02615856399739016,0.6795477288999474,2.935943894106402,SG + MSC
8,greedy,-0.8708127998315869,0.02235171034798216,0.7311135512895729,,SG + MSC
8,random,-1.513487473245025,0.02387677319784203,0.6867507807436123,1.3176627982720066,SG + MSC
10,greedy,-0.1899450980435704,0.01951060047709695,0.9167196442057246,,SG + MSC
10,random,-1.5401453195041384,0.024312292477796614,0.6908471250917236,2.2643857095414206,SG + MSC
12,greedy,-0.620895301578501,0.020979442869874923,0.7854571877606162,,SG + MSC
12,random,-1.5348890812710445,0.023366832395336126,0.6844365875649683,1.5915832449516019,SG + MSC
14,greedy,-0.7093691722849382,0.01922791811007698,0.7648602063297171,,SG + MSC
14,random,-1.6896069425209166,0.022306833812247618,0.6687277406414973,1.7104854287234248,SG + MSC
16,greedy,-0.6625575672904014,0.0224672464393075,0.7755533069261863,,SG + MSC
16,random,-2.741151895854117,0.020347503329624664,0.6084445146340415,3.2991759615821183,SG + MSC
2,greedy,-4.1223059362941585,0.03301824916923146,0.44184225138695316,,SG + 1st Deriv
2,random,-1.689890446522695,0.024839927636963854,0.7241743511204105,2.631585076425737,SG + 1st Deriv
4,greedy,-3.0523059104692534,0.031057165598029294,0.4967625965963244,,SG + 1st Deriv
4,random,-3.047712836138972,0.02941424308907412,0.581619115205303,3.115098959026309,SG + 1st Deriv
6,greedy,-1.0449090964314247,0.023474083519341576,0.6992991439386683,,SG + 1st Deriv
6,random,-2.403035334556153,0.027865224689251043,0.6372377871555805,2.7972993958609624,SG + 1st Deriv
8,greedy,-1.544737150066899,0.023206183263334974,0.6268715135754164,,SG + 1st Deriv
8,random,-2.135112035121922,0.02593399774145139,0.6429248693654739,2.503077078860998,SG + 1st Deriv
10,greedy,-1.16100322957652,0.023355761144963114,0.6802558605937863,,SG + 1st Deriv
10,random,-1.4798246529659804,0.024574789259378775,0.6716815435748316,1.2375624655614401,SG + 1st Deriv
12,greedy,-0.769420762816426,0.0235084104546534,0.7517690472732311,,SG + 1st Deriv
12,random,-1.5935259653917766,0.02414295936204359,0.6537175653096711,1.039028362490619,SG + 1st Deriv
14,greedy,-0.8598443709883987,0.02351899940615415,0.7332662524963666,,SG + 1st Deriv
14,random,-2.035173860700737,0.023135639181114682,0.6392099207646158,2.763825503593563,SG + 1st Deriv
16,greedy,-0.32700419250242985,0.021874044629451403,0.8680881993196919,,SG + 1st Deriv
16,random,-5.407837027638204,0.021670575843297922,0.5772244795459742,13.577284899112227,SG + 1st Deriv
2,greedy,-4.164429603607429,0.03315373521970791,0.44003661889404316,,SG + 2nd Deriv
2,random,-1.5075661830866245,0.024298048871872497,0.7309509428236234,1.9653683045762904,SG + 2nd Deriv
4,greedy,-3.560854257946594,0.029646263578600767,0.46824904759592756,,SG + 2nd Deriv
4,random,-2.3307424343395513,0.027093281509867798,0.6183648223653793,2.357464783830139,SG + 2nd Deriv
6,greedy,-2.0753189752611565,0.025690343283737715,0.5702363734586381,,SG + 2nd Deriv
6,random,-1.706830647206225,0.025679202856707457,0.6704652834488559,1.4176208301953348,SG + 2nd Deriv
8,greedy,-1.7401590628195498,0.022175806317719125,0.604104558808297,,SG + 2nd Deriv
8,random,-1.8533801982841678,0.025097054022961873,0.6606500879840738,2.009556641215583,SG + 2nd Deriv
10,greedy,-1.5133508653813261,0.022627450954044427,0.6307735002837739,,SG + 2nd Deriv
10,random,-1.319576546701721,0.02396451639507365,0.686102645846499,0.9479399442899963,SG + 2nd Deriv
12,greedy,-0.7233810810212797,0.01799940913220156,0.7617445215805358,,SG + 2nd Deriv
12,random,-1.4970627451730603,0.023623396485496783,0.6679534982176851,1.0433723722327362,SG + 2nd Deriv
14,greedy,-0.14916252617527204,0.016737059470631303,0.932844536572758,,SG + 2nd Deriv
14,random,-1.8538969793185873,0.022593477044800008,0.6540805324346122,2.4792165501007926,SG + 2nd Deriv
16,greedy,-3.016157452935853,0.019954542944602627,0.498993208265012,,SG + 2nd Deriv
16,random,-4.256620867571882,0.020956551633765547,0.5901339044667935,8.83068759887544,SG + 2nd Deriv
2,greedy,-2.6312037179230865,0.030496260877452466,0.5247768795694586,,SG + SNV + 1st Der
2,random,-1.3521176319383297,0.0239742358094107,0.7315317249451112,1.2749969803452241,SG + SNV + 1st Der
4,greedy,-4.721710557482905,0.03208812078147392,0.4180584997902828,,SG + SNV + 1st Der
4,random,-2.5179866820839965,0.02804416819055688,0.6050889528369368,1.917788166081487,SG + SNV + 1st Der
6,greedy,-3.072179606482263,0.028836091297267476,0.4955489242367099,,SG + SNV + 1st Der
6,random,-1.8968252547775362,0.02588358374815423,0.6797313195579353,2.4331215920151608,SG + SNV + 1st Der
8,greedy,-2.2524433970055022,0.02765439262981825,0.5544917979103805,,SG + SNV + 1st Der
8,random,-1.492759163450218,0.023773631925818217,0.6881570697391604,1.252216710710117,SG + SNV + 1st Der
10,greedy,-1.9376549903781974,0.021901787415367406,0.5834445741443569,,SG + SNV + 1st Der
10,random,-1.310918208145396,0.023678277091454442,0.6996402835815628,1.3297320946734528,SG + SNV + 1st Der
12,greedy,-1.6687193716361515,0.02323301252433685,0.6121368804394943,,SG + SNV + 1st Der
12,random,-1.196857963976785,0.02234280529566979,0.7095748619803629,0.9374956859815975,SG + SNV + 1st Der
14,greedy,-1.2375224890850798,0.018966046522873828,0.6685229108155255,,SG + SNV + 1st Der
14,random,-1.6584386081782512,0.0221245196591931,0.6732597122850392,1.7067766902153725,SG + SNV + 1st Der
16,greedy,-3.2278398614268715,0.01955330237691236,0.48634083427822716,,SG + SNV + 1st Der
16,random,-2.7769227817351285,0.02025350198674792,0.609092903023022,3.7975013397871593,SG + SNV + 1st Der
2,greedy,-2.657539194688444,0.030606648877923276,0.522884183944399,,SG + SNV + 2nd Der
2,random,-1.2275295250603533,0.02342757044662429,0.74205760518782,1.1225494028486613,SG + SNV + 2nd Der
4,greedy,-4.499141347685014,0.031457831569214556,0.42643472120692405,,SG + SNV + 2nd Der
4,random,-2.3031594385222136,0.0272483434376097,0.6204988839910188,1.8267486880191852,SG + SNV + 2nd Der
6,greedy,-3.0952794282534866,0.02891776335778167,0.4941493518967864,,SG + SNV + 2nd Der
6,random,-1.8055722439582977,0.025619861806262367,0.6834112017877224,2.245634105968473,SG + SNV + 2nd Der
8,greedy,-2.546059208981484,0.02370814203381924,0.5310397230913946,,SG + SNV + 2nd Der
8,random,-1.4487169700797318,0.02370563567270204,0.6884664035791305,1.132290755043972,SG + SNV + 2nd Der
10,greedy,-1.8523127539810562,0.021581306694177575,0.592108680565055,,SG + SNV + 2nd Der
10,random,-1.3024467319805733,0.023456328265482402,0.7088468488122571,1.5918247731474564,SG + SNV + 2nd Der
12,greedy,-2.0025487119566026,0.019592305408973,0.5771051754245545,,SG + SNV + 2nd Der
12,random,-1.2026661091405002,0.02245513628765271,0.7028298906763105,0.8078187344851075,SG + SNV + 2nd Der
14,greedy,-1.734955920098916,0.020968543869509908,0.6046789279712934,,SG + SNV + 2nd Der
14,random,-1.6415476797857196,0.021958799842287696,0.6798447803721431,1.9316408853349187,SG + SNV + 2nd Der
16,greedy,-3.535600029537127,0.020252480679341434,0.46955084374341594,,SG + SNV + 2nd Der
16,random,-2.8324437642527545,0.020466911106257923,0.602479630771295,3.7795131961794337,SG + SNV + 2nd Der
2,greedy,-2.6629410788566905,0.030629242288716763,0.5224984826902211,,SG + MSC + 1st Der
2,random,-1.3524158011032155,0.023980172662393526,0.7311497486631737,1.2592789759000964,SG + MSC + 1st Der
4,greedy,-1.6344407496588782,0.025016742301594754,0.6161064880829831,,SG + MSC + 1st Der
4,random,-2.621141694193473,0.028407555266527957,0.59982602046625,2.030907887264901,SG + MSC + 1st Der
6,greedy,-0.6568308507623393,0.021135826877830974,0.7768924728208548,,SG + MSC + 1st Der
6,random,-2.0426157301873036,0.02630473498750774,0.6757956319568418,2.7934253365190003,SG + MSC + 1st Der
8,greedy,-1.3681357795354496,0.022825552149737926,0.6498254261270484,,SG + MSC + 1st Der
8,random,-1.5229307546514517,0.023994825784188625,0.6813858700505635,1.2242932063498677,SG + MSC + 1st Der
10,greedy,-1.9342682780998945,0.021889158899877914,0.5837811809036912,,SG + MSC + 1st Der
10,random,-1.5688479165353415,0.024441982551728574,0.6857370124431685,2.2703012005854775,SG + MSC + 1st Der
12,greedy,-1.6642517081640178,0.023213557357885384,0.6126499093008801,,SG + MSC + 1st Der
12,random,-1.4241885517602455,0.023158099118114655,0.6861060833049021,1.2421777173263135,SG + MSC + 1st Der
14,greedy,-1.343773992300803,0.01941113689421023,0.653193921470727,,SG + MSC + 1st Der
14,random,-1.738898860097073,0.02240030319849779,0.6646849995422979,1.82567952790002,SG + MSC + 1st Der
16,greedy,-3.4199770922853663,0.019992672923138898,0.4756527267485039,,SG + MSC + 1st Der
16,random,-2.8377644982005688,0.02061944338441628,0.5984290168291836,3.4188979854594246,SG + MSC + 1st Der
2,greedy,-2.7047619848586626,0.030803597694946446,0.5195410218083453,,SG + MSC + 2nd Der
2,random,-1.2316182300638325,0.02344787544547735,0.7415424551586444,1.1241413181438977,SG + MSC + 2nd Der
4,greedy,-4.464631443698398,0.031358969289911366,0.42777909921000146,,SG + MSC + 2nd Der
4,random,-2.279496983382334,0.027170800526192404,0.6208730936307273,1.805817521451243,SG + MSC + 2nd Der
6,greedy,-3.0775142465808116,0.028854973055511424,0.4952246530974686,,SG + MSC + 2nd Der
6,random,-1.7869960876605613,0.025568188777325737,0.6852015540409567,2.1835548053979044,SG + MSC + 2nd Der
8,greedy,-2.5685370740752056,0.02378316426963285,0.52936459749076,,SG + MSC + 2nd Der
8,random,-1.4692886641750984,0.023827566035123822,0.6847436177266657,1.143428431342562,SG + MSC + 2nd Der
10,greedy,-1.9006511062151223,0.021763408401936434,0.5871543094519278,,SG + MSC + 2nd Der
10,random,-1.41036726967642,0.02386213535666935,0.6992847008143138,1.8659919414430133,SG + MSC + 2nd Der
12,greedy,-2.036148289899239,0.01970162283480126,0.5739030203158829,,SG + MSC + 2nd Der
12,random,-1.3794273299034916,0.023051849363735985,0.686675415109007,1.10207556671981,SG + MSC + 2nd Der
14,greedy,-1.041696283124712,0.018535376609568634,0.6998491362292962,,SG + MSC + 2nd Der
14,random,-1.7066602847176549,0.022180803787231376,0.6724529697021373,2.021680390733374,SG + MSC + 2nd Der
16,greedy,-3.5974129697097172,0.020390018045838534,0.46638356913189877,,SG + MSC + 2nd Der
16,random,-2.992153890056859,0.020899975162332995,0.5883968620341566,3.6935175213898734,SG + MSC + 2nd Der
